<?xml version="1.0" encoding="UTF-8"?>
<project-private xmlns="http://www.netbeans.org/ns/project-private/1">
    <editor-bookmarks xmlns="http://www.netbeans.org/ns/editor-bookmarks/2" lastBookmarkId="0"/>
    <open-files xmlns="http://www.netbeans.org/ns/projectui-open-files/2">
        <group>
            <file>file:/C:/Master/dat250/dat250.g12.Assignment1-2-3-master%20(1)/dat250.g12.Assignment1-2-3-master/web/createProduct.xhtml</file>
            <file>file:/C:/Master/dat250/dat250.g12.Assignment1-2-3-master%20(1)/dat250.g12.Assignment1-2-3-master/src/java/entities/AuctionProduct.java</file>
            <file>file:/C:/Master/dat250/dat250.g12.Assignment1-2-3-master%20(1)/dat250.g12.Assignment1-2-3-master/src/java/entities/AuctionBid.java</file>
            <file>file:/C:/Master/dat250/dat250.g12.Assignment1-2-3-master%20(1)/dat250.g12.Assignment1-2-3-master/src/java/controller/NavigationController.java</file>
            <file>file:/C:/Master/dat250/dat250.g12.Assignment1-2-3-master%20(1)/dat250.g12.Assignment1-2-3-master/src/java/entities/ProductFacade.java</file>
            <file>file:/C:/Master/dat250/dat250.g12.Assignment1-2-3-master%20(1)/dat250.g12.Assignment1-2-3-master/web/mainPage.xhtml</file>
            <file>file:/C:/Master/dat250/dat250.g12.Assignment1-2-3-master%20(1)/dat250.g12.Assignment1-2-3-master/src/java/managedBeans/ProductView.java</file>
            <file>file:/C:/Master/dat250/dat250.g12.Assignment1-2-3-master%20(1)/dat250.g12.Assignment1-2-3-master/src/java/entities/UserFacade.java</file>
            <file>file:/C:/Master/dat250/dat250.g12.Assignment1-2-3-master%20(1)/dat250.g12.Assignment1-2-3-master/src/java/entities/BidFacade.java</file>
            <file>file:/C:/Master/dat250/dat250.g12.Assignment1-2-3-master%20(1)/dat250.g12.Assignment1-2-3-master/web/index.xhtml</file>
            <file>file:/C:/Master/dat250/dat250.g12.Assignment1-2-3-master%20(1)/dat250.g12.Assignment1-2-3-master/web/bidHistory.xhtml</file>
        </group>
    </open-files>
</project-private>
